ID,No.,Type,Rarity,Name,Level,Total Exp,Current Exp,Required Exp,Link,MOD,Max HP,HP,Damage,Accuracy,Evasion,Rate of Fire,Move Speed,Armor,Rounds,Crit.Damage,Skill1,Skill2,Equip1,Equip2,Equip3,Affection,Oathed,Oathed Datetime,Locked
2012105,20002,HG,★★★★,M1911 Mod,115,10138920,0,0,x5,Mod3,370,370,28,51,77,58,15,0,0,20,10,10,,,,200,Oathed,2020-07-27 14:30,Locked
2012106,20005,HG,★★★★,M1895 Mod,111,6127578,384278,255722,x5,Mod2,355,355,35,47,98,45,15,0,0,20,10,10,S.F. Modified Tactical Light,Signal Flare,IOP T4 Exoskeleton,100,,,Locked
2012108,9,HG,★★,P38,79,1226129,0,0,x4,,236,236,25,40,66,53,15,0,0,20,1,0,,,,100,,,Locked
2014159,90,HG,★★,FF FNP9,56,332872,0,0,x3,,141,141,21,33,51,53,15,0,0,20,2,0,,,,100,,,Locked
2014334,20010,HG,★★★★,PPK Mod,110,5263300,-,-,x5,Mod1,335,335,28,61,102,63,15,0,0,20,10,0,PPK Suppressor,,,142,Oathed,2023-07-06 15:25,Locked
2014610,25,SMG,★★,MP40,100,3263300,-,-,x5,,925,925,29,13,58,76,12,0,0,5,6,0,,,,100,,,Locked
2015501,20075,MG,★★★★★,M1918 Mod,120,30283300,-,-,x5,Mod3,805,805,101,34,34,115,4,0,8,5,10,10,M1022 Sniper Rounds,VFL 6-24X56,IOP Maximum Ammo Box,200,Oathed,2021-11-12 16:40,Locked
2016660,20029,SMG,★★★★,STEN MkⅡ Mod,110,5263300,0,480000,x5,Mod2,965,965,29,16,77,86,12,0,0,5,10,10,,,,100,,,Locked
2675518,66,AR,★★★★,Type56-1,51,247833,0,0,x3,,312,312,37,20,20,59,10,0,0,20,6,0,,,,100,,,Locked
2675660,106,AR,★★★★★,FAL,100,3263300,-,-,x5,,660,660,57,43,38,72,10,0,0,20,10,0,,,,150,Oathed,1969-12-31 17:00,Locked
2675804,12,HG,★★★,C96,69,692774,0,0,x3,,210,210,24,30,45,56,15,0,0,20,2,0,,,,100,,,Locked
2803048,77,MG,★★★,M2HB,90,2015399,0,0,x5,,1020,1020,96,17,15,97,4,0,10,5,10,0,,,,100,,,Locked
3078498,39,RF,★★★★,Mosin-Nagant,90,1975646,0,0,x5,,420,420,123,78,35,29,7,0,0,40,10,0,,,,100,,,Locked
3235545,20001,HG,★★★★★,SAA Mod,116,12837154,0,0,x5,Mod3,415,415,37,50,79,50,15,0,0,20,10,10,,,,200,Oathed,2020-05-26 14:32,Locked
4390927,20053,RF,★★★★★★,NTW-20 Mod,115,11817602,0,0,x5,Mod3,475,475,169,81,30,32,7,0,0,40,10,10,20mm HEI,,,200,Oathed,2021-01-19 20:56,Locked
4833985,20055,AR,★★★★★,M4A1 Mod,120,30283300,-,-,x5,Mod3,565,565,50,50,50,80,10,0,0,20,10,10,,,Inherited Case,200,Oathed,2019-09-18 21:13,Locked
5348982,16,SMG,★★★★★,Thompson,100,3263300,-,-,x5,,1190,1190,31,12,56,82,12,0,0,5,10,0,Thompson's Exoskeleton,,,100,,,Locked
6269490,96,HG,★★★★★,Grizzly,100,3263300,-,-,x5,,430,430,38,51,66,54,15,0,0,20,10,0,,,MkV Mobility Skeleton,100,,,Locked
6412045,20095,RF,★★★★,Type88 Mod,115,11245480,0,0,x5,Mod3,520,520,117,68,38,37,7,0,0,40,10,10,Magnetic Accelerated Rounds,Acceleration Coil,,200,Oathed,2021-05-20 13:38,Locked
6412071,128,RF,★★★★★,M99,95,2669234,0,0,x5,,430,430,152,77,31,32,7,0,0,40,10,0,,,,100,,,Locked
7900486,20065,AR,★★★★★★,416 Mod,120,30283300,-,-,x5,Mod3,620,620,55,51,47,79,10,0,0,20,10,10,,,Tactical Headwear,200,Oathed,2023-06-06 22:23,Locked
8471194,129,AR,★★★★★,Type95,100,3263300,-,-,x5,,580,580,55,52,46,71,10,0,0,20,10,0,,,,100,,,Locked
8964931,118,AR,★★★★,9A-91,100,3263300,-,-,x5,,580,580,42,49,50,78,10,0,0,20,10,0,,,9A High-Performance Chip,150,Oathed,2020-04-13 17:04,Locked
9356573,20115,SMG,★★★★★★,Suomi Mod,115,11257686,1174386,1025614,x5,Mod3,1125,1125,32,16,72,94,12,0,0,5,10,10,Mk31 Multi-functional Exoskeleton,M43 Flare Pistol,S.F. Modified Tactical Light,200,Oathed,2023-07-06 15:24,Locked
9356688,20104,SMG,★★★★★★,Gr G36c Mod,115,10104940,21640,2178360,x5,Mod3,1080,1080,34,14,70,85,12,0,0,5,10,10,4X Auxiliary Processor,,,183,Oathed,2018-11-22 19:47,Locked
10624281,20056,AR,★★★★★,M4 SOPMOD II Mod,120,30283300,-,-,x5,Mod3,565,565,52,51,46,79,10,0,0,30,10,10,,,,200,Oathed,2020-02-14 07:50,Locked
10743354,20064,AR,★★★★★,Gr G36 Mod,113,7602802,319502,880498,x5,Mod2,645,645,51,47,44,75,10,0,0,20,10,10,PEQ-16A,APCR High-Velocity Ammo,#2 Processor,150,Oathed,2019-09-06 16:03,Locked
11430328,20057,AR,★★★★★,ST AR-15 Mod,120,30283300,-,-,x5,Mod3,540,540,50,55,52,78,10,0,0,20,10,10,,Lightweight Rail Kit,.300BLK High-Velocity Ammo,200,Oathed,2019-09-18 21:09,Locked
12788916,54,AR,★★★★,M16A1,100,3263300,-,-,x5,,605,605,47,46,44,75,10,0,0,20,10,0,,Special Warfare Mobile Suit,,100,,,Locked
14728748,20122,AR,★★★★★★,Gr G11 Mod,118,23331810,4048510,951490,x5,Mod3,620,620,47,48,44,97,10,0,0,20,10,10,,,G-box,200,Oathed,2022-01-25 11:35,Locked
14729829,20161,SG,★★★★★,Type97S Mod,103,3749340,0,0,x5,Mod1,1325,1325,36,13,13,27,6,21,3,40,10,0,,,,150,Oathed,2023-06-18 19:53,Locked
15275732,20114,HG,★★★★★★,Welrod MkⅡ Mod,116,13458454,1175154,1824846,x5,Mod3,405,405,31,74,97,52,15,0,0,40,10,10,S.F. Modified Tactical Light,Signal Flare,Special Ops Bag,200,Oathed,2022-07-26 10:06,Locked
17537480,119,AR,★★★★★,OTs-14,100,3263300,-,-,x5,,550,550,49,54,54,75,10,0,0,20,10,0,,,,100,,,Locked
18891928,20125,MG,★★★★★★,Gr MG4 Mod,115,10928934,0,0,x5,Mod3,925,925,92,37,35,140,4,0,10,5,10,10,Mk4 SLAP,Gr MG4 MGO,IOP Maximum Ammo Box,200,Oathed,2022-11-01 11:20,Locked
18892060,109,MG,★★★★★,Gr MG5,100,3263300,-,-,x5,,990,990,85,27,27,120,4,0,11,5,10,0,,,,100,,,Locked
18938499,48,RF,★★★★★,WA2000,100,3263300,-,-,x5,,440,440,130,82,30,39,7,0,0,40,10,0,,SB 2.5-10x56,,147,Oathed,2018-11-22 19:46,Locked
18969553,166,HG,★★★★★,CZ75,55,316383,0,0,x3,,153,153,24,38,44,56,15,0,0,20,1,0,,,,100,,,Locked
19741959,20101,SMG,★★★★★,UMP9 Mod,110,5413740,0,0,x5,Mod2,895,895,29,17,82,87,12,0,0,5,10,10,,,,150,Oathed,2021-11-23 11:57,Locked
24018283,121,MG,★★★★,Mk48,90,1977000,0,0,x5,,825,825,85,23,24,109,4,0,10,5,4,0,,,,100,,,Locked
25122682,175,AR,★★★★★,ART556,1,0,0,0,x1,,58,58,18,6,6,45,10,0,0,20,1,0,,,,55,,,Locked
25468516,18,SMG,★★★,Ingram,91,2089752,0,0,x5,,840,840,27,11,62,88,12,0,0,5,5,0,,,,100,,,Locked
26452875,153,SG,★★★★,M37,90,1976420,0,0,x5,,1205,1205,31,11,11,26,6,20,4,40,4,0,,,,100,,,Locked
26882537,130,AR,★★★★★,Type97,100,3263300,-,-,x5,,580,580,54,51,46,72,10,0,0,20,10,0,,,,100,,,Locked
30121750,127,SMG,★★★★★,Type79,100,3263300,-,-,x5,,970,970,32,12,70,88,12,0,0,5,10,0,,S&B762,,100,,,Locked
31217833,72,AR,★★★★,TAR-21,90,1977000,0,0,x5,,500,500,46,44,41,77,10,0,0,20,1,0,,,,100,,,Locked
32417548,1002,SG,★★★★★,Elphelt,90,2001600,0,0,x5,,1305,1305,34,12,9,27,6,21,5,40,10,0,,,,100,,,Locked
32588617,20,SMG,★★★★★,Vector,100,3263300,-,-,x5,,925,925,30,11,71,101,12,0,0,5,10,0,#2 Processor,16Lab Hollow-Point,EOT 518,100,,,Locked
33074673,126,HG,★★★★★,NZ75,90,1977749,0,0,x5,,345,345,31,57,67,61,15,0,0,20,4,0,Wooden Grips,,,100,,,Locked
33402747,23,SMG,★★★★,PP-90,97,2887258,0,0,x5,,780,780,25,13,84,96,12,0,0,5,5,0,,,,100,,,Locked
37446409,109,MG,★★★★★,Gr MG5,57,359891,0,0,x3,,465,465,62,17,17,104,4,0,11,5,3,0,,,,100,,,Locked
40418156,151,SG,★★★★★,M1887,93,2401500,0,0,x5,,1330,1330,37,12,12,22,6,21,4,40,10,0,,,,100,,,Locked
40732819,172,AR,★★★★★,Am RFB,100,3263300,-,-,x5,,525,525,69,68,49,54,10,0,0,30,10,0,,,,150,Oathed,2020-04-13 17:30,Locked
41470249,20103,SMG,★★★★★,UMP45 Mod,111,5861686,0,0,x5,Mod2,965,965,29,14,76,83,12,0,0,5,10,10,,,,150,Oathed,2021-08-30 22:57,Locked
42874152,73,AR,★★★★★,AUG,100,3263300,-,-,x5,,605,605,55,57,46,75,10,0,0,30,10,0,,,,100,,,Locked
47769725,157,SG,★★★★★,Am KSG,100,3263300,-,-,x5,,1265,1265,29,13,12,30,6,24,5,40,10,0,,,,100,,,Locked
50859195,20171,AR,★★★★★,Ribeyrolles Mod,115,10350766,267466,1932534,x5,Mod3,590,590,65,48,41,68,10,0,0,20,10,10,,,,200,Oathed,2023-02-26 21:51,Locked
50859297,215,AR,★★★★★,MDR,90,1982400,0,0,x5,,565,565,52,46,38,74,10,0,0,20,10,0,,,,100,,,Locked
55164450,177,SMG,★★★★,KLIN,30,45100,0,0,x3,,369,369,15,5,30,76,12,0,0,5,4,0,,,,100,,,Locked
56214562,135,SMG,★★★★★,SR-3MP,91,2191831,0,0,x5,,925,925,30,11,62,88,12,0,0,5,10,0,,,,100,,,Locked
63493903,189,SG,★★★★,USAS-12,100,3263300,-,-,x5,,1300,1300,29,11,10,37,6,22,5,40,10,0,,,,100,,,Locked
63493950,156,SG,★★★★,Super-Shorty,100,3263300,-,-,x5,,1210,1210,28,14,19,30,6,20,3,40,5,0,,,,100,,,Locked
65823764,20050,RF,★★★★★★,Lee Enfield Mod,110,5263300,0,0,x5,Mod2,450,450,140,87,40,37,7,0,0,40,10,10,,No32 MKI,,100,Oathed,2023-08-15 18:45,Locked
66478017,142,HG,★★★★★,Five-seven,100,3263300,-,-,x5,,315,315,31,57,97,66,15,0,0,20,10,0,,,,100,,,Locked
68814147,1022,SG,★★★★★,Dana Zane,90,1978000,0,0,x5,,1275,1275,36,14,12,25,6,20,1,40,10,0,,,,100,,,Locked
69190781,1017,HG,★★★★★,Jill Stingray,100,3263300,-,-,x5,,400,400,30,53,96,55,15,0,0,20,10,0,Flanergide,Bronson Extract,Powdered Delta,100,,,Locked
69280655,1021,MG,★★★★★,Alma Armas,1,0,0,0,x1,,98,98,32,4,3,87,4,0,9,5,1,0,,,,100,,,Locked
69299082,168,HG,★★★★,Spitfire,85,1636381,0,0,x4,,260,260,30,52,62,57,15,0,0,20,1,0,,,,100,,,Locked
69330832,1020,RF,★★★★★,Stella Hoshii,1,0,0,0,x1,,45,45,40,10,4,23,7,0,0,40,4,0,,,,100,,,Locked
69458336,196,AR,★★★★★,Zas M21,100,3263300,-,-,x2,,242,242,55,48,41,74,10,0,0,20,1,0,,,,50,,,Locked
69458410,236,AR,★★★★★,K11,100,3263300,-,-,x5,,675,675,53,54,37,76,10,0,0,20,10,0,,,,96,,,Locked
69863864,1019,SMG,★★★★★,Dorothy Haze,93,2354220,0,0,x5,,850,850,27,14,81,77,12,0,0,5,10,0,,MIRD Class-5 Rounds,,100,,,Locked
70527387,257,RF,★★★★★,M200,100,3263300,-,-,x5,,440,440,145,96,31,34,7,0,0,40,10,0,,,,150,Oathed,2020-03-18 14:30,Locked
70656350,1018,HG,★★★★★,Sei Asagiri,100,3263300,-,-,x5,,425,425,30,59,77,53,15,0,0,20,10,0,,,,100,,,Locked
70695256,99,HG,★★★★,Gr Mk23,100,3263300,-,-,x5,,400,400,29,53,66,63,15,0,0,20,10,0,,,,150,Oathed,2022-02-21 21:15,Locked
71566082,85,MG,★★★★,PK,91,2151413,0,0,x5,,910,910,90,20,21,81,4,0,11,5,10,0,,,,100,,,Locked
73131759,163,SG,★★★★★,AA-12,100,3263300,-,-,x5,,1345,1345,30,12,11,39,6,22,5,40,10,0,,FRAG-12 High Explosive Rounds,,100,,,Locked
73294851,146,RF,★★★★,Gr G28,91,2192691,0,0,x5,,420,420,112,73,27,38,7,0,0,40,10,0,,,,100,,,Locked
73554557,243,AR,★★★★★,64 Shiki,100,3263300,-,-,x5,,625,625,67,62,43,63,10,0,0,20,10,0,,,,100,,,Locked
73902019,99,HG,★★★★,Gr Mk23,90,2087132,0,0,x5,,380,380,27,48,60,62,15,0,0,20,10,0,,,,100,,,Locked
73997286,20007,HG,★★★★★,Stechkin Mod,115,10099600,0,0,x5,Mod3,425,425,31,51,68,66,15,0,0,20,10,10,Stechkin Buttstock,,Tactical Thunderbolt Ahoge,194,Oathed,2022-11-25 20:33,Locked
74314852,245,SMG,★★★★★,P90,100,3263300,-,-,x5,,950,950,30,15,83,93,12,0,0,5,10,0,,,DHG Extended Handguard,100,,,Locked
74932226,212,HG,★★★★,K5,94,2563860,0,0,x5,,320,320,28,49,77,61,15,0,0,40,10,0,,,,100,,,Locked
75123229,20032,SMG,★★★★,Micro Uzi Mod,111,5976967,233667,406333,x5,Mod2,875,875,25,13,81,104,12,0,0,5,10,10,,,,100,,,Locked
75586168,233,HG,★★★★★,Px4 Storm,94,2552870,0,0,x5,,330,330,34,66,88,56,15,0,0,20,10,0,ImpulsIIA/C,,,96,,,Locked
75803396,20143,SMG,★★★★★★,RO635 Mod,117,15555724,0,0,x5,Mod3,1035,1035,29,15,76,97,12,0,0,5,10,10,Beloved Dangle,,,200,Oathed,2022-01-25 11:34,Locked
76402053,70,AR,★★★,FF FNC,90,1976851,0,0,x5,,525,525,48,42,33,71,10,0,0,20,10,0,,,,100,,,Locked
77429730,247,RF,★★★★,K31,70,705000,0,0,x4,,264,264,102,57,28,35,7,0,0,40,1,0,,,,50,,,Locked
77620822,62,AR,★★★★★,Gr G41,100,3263300,-,-,x5,,635,635,50,48,40,77,10,0,0,20,10,0,,,Hi-Performance Tactical Hair Accessory,100,,,Locked
77672867,186,HG,★★★,P226,5,1000,0,0,x1,,38,38,12,10,12,43,15,0,0,20,1,0,,,,100,,,Locked
78029831,22,SMG,★★★,PPS-43,30,45000,0,0,x3,,342,342,19,6,26,59,12,0,0,5,4,0,,,,50,,,Locked
78053328,183,HG,★★★★★,Contender,100,3263300,-,-,x5,,330,330,46,85,82,44,15,0,0,40,10,0,,,,100,,,Locked
79472742,199,MG,★★★★,Type80,70,705000,0,0,x4,,588,588,76,20,18,108,4,0,10,5,1,0,,,,51,,,Locked
79709311,20097,HG,★★★★★★,M950A Mod,116,12890854,0,0,x5,Mod3,400,400,32,57,76,72,15,0,0,20,10,10,,,,200,Oathed,2020-10-22 21:58,Locked
80962262,136,SMG,★★★★,PP-19,90,1978014,0,0,x5,,840,840,24,13,67,88,12,0,0,5,4,0,,,,100,,,Locked
81147441,222,RF,★★★★★,TAC-50,1,0,0,0,x1,,44,44,52,10,4,21,7,0,0,40,6,0,,,,50,,,Locked
82113610,20,SMG,★★★★★,Vector,100,3263300,-,-,x5,,925,925,30,11,71,101,12,0,0,5,10,0,#2 Processor,ILM Hollow-Point Ammo,EOT 518,100,,,Locked
82458250,193,AR,★★★,T65,1,0,0,0,x1,,62,62,20,6,5,52,10,0,0,20,1,0,,,,100,,,Locked
82772419,105,AR,★★★,OTs-12,70,706500,0,0,x4,,356,356,34,40,40,65,10,0,0,20,1,0,,,,100,,,Locked
83315889,162,SG,★★★★,SPAS-12,100,3263300,-,-,x5,,1375,1375,33,11,9,32,6,21,4,40,10,0,,,,100,,,Locked
86592112,96,HG,★★★★★,Grizzly,90,2070850,0,0,x5,,410,410,35,47,60,53,15,0,0,20,10,0,,,,100,,,Locked
87170967,20221,HG,★★★★,GSh-18 Mod,115,10095300,0,0,x5,Mod3,365,365,34,53,89,58,15,0,0,20,10,10,,7N31,,200,Oathed,2021-11-11 11:22,Locked
87852825,220,HG,★★★,MP-443,30,46155,0,0,x3,,135,135,19,21,28,46,15,0,0,20,1,0,,,,100,,,Locked
87873992,20205,AR,★★★★★★,AN-94 Mod,116,12623604,0,0,x5,Mod3,590,590,60,70,49,80,10,0,0,20,10,10,AN-94 Modernization Kit,APCR High-Velocity Ammo,,200,Oathed,2023-01-17 10:26,Locked
88167876,207,AR,★★★★,CZ2000,30,45000,0,0,x3,,216,216,27,18,18,61,10,0,0,20,1,0,,,,50,,,Locked
88484037,202,HG,★★★★,Thunder,40,111000,0,0,x3,,180,180,28,27,28,29,15,0,0,40,1,0,,,,55,,,Locked
88748313,148,RF,★★★★★,IWS 2000,100,3263300,-,-,x5,,440,440,162,78,29,32,7,0,0,40,10,0,,,,150,Oathed,2022-06-28 18:01,Locked
89010517,208,MG,★★★★★,HMG21,100,3263300,-,-,x5,,845,845,92,29,33,135,4,0,10,5,10,0,,,,100,,,Locked
89032661,196,AR,★★★★★,Zas M21,100,3263300,-,-,x2,,242,242,55,48,41,74,10,0,0,20,1,0,,,,52,,,Locked
89039747,206,AR,★★★★★,AK-12,100,3263300,-,-,x5,,550,550,56,62,52,78,10,0,0,20,10,0,,,,150,Oathed,2020-05-08 21:12,Locked
90096990,183,HG,★★★★★,Contender,41,118725,0,0,x3,,141,141,27,40,39,34,15,0,0,40,2,0,,,,100,,,Locked
90610650,204,RF,★★★★★,Ballista,70,705000,0,0,x4,,280,280,111,68,26,32,7,0,0,40,1,0,,,,50,,,Locked
90776303,142,HG,★★★★★,Five-seven,96,2753976,0,0,x5,,310,310,30,55,93,65,15,0,0,20,10,0,,,,100,,,Locked
91858762,123,HG,★★★,P99,90,1977000,0,0,x5,,285,285,29,51,79,59,15,0,0,20,1,0,,,,100,,,Locked
92404028,188,SG,★★★★★,S.A.T.8,100,3263300,-,-,x5,,1410,1410,29,13,12,33,6,22,4,40,10,0,,,,100,,,Locked
92473330,28,SMG,★★★★★,Gr MP7,100,3263300,-,-,x5,,990,990,30,13,69,91,12,0,0,5,10,0,,,,100,,,Locked
92664522,203,SMG,★★★★,Honey Badger,100,3263300,-,-,x5,,990,990,33,13,60,82,12,0,0,5,10,0,MkQ Light Exoskeleton,,,100,,,Locked
93423499,20001,HG,★★★★★,SAA Mod,114,8899300,0,0,x5,Mod2,410,410,37,50,79,50,15,0,0,20,10,10,,,,150,Oathed,2022-10-04 17:10,Locked
94414262,213,SMG,★★★★★,C-MS,100,3263300,-,-,x5,,925,925,32,15,75,87,12,0,0,5,10,0,,,,100,,,Locked
94848321,195,MG,★★★,Gr MG23,30,45000,0,0,x3,,288,288,44,13,13,104,4,0,9,5,1,0,,,,100,,,Locked
95024207,137,SMG,★★★★,PP-19-01,90,1977800,0,0,x5,,920,920,26,12,63,83,12,0,0,5,1,0,,,,100,,,Locked
95255644,209,SMG,★★★,OTs-39,11,6000,0,0,x2,,210,210,13,4,17,55,12,0,0,5,1,0,,,,100,,,Locked
99270675,210,HG,★★★,CZ52,1,0,0,0,x1,,38,38,12,7,9,36,15,0,0,20,1,0,,,,100,,,Locked
99271007,198,RF,★★★★★,Carcano M91/38,100,3263300,-,-,x5,,365,365,146,90,44,34,7,0,0,40,10,0,,,,150,Oathed,2020-04-17 10:43,Locked
99829332,99,HG,★★★★,Gr Mk23,100,3263300,-,-,x5,,400,400,29,53,66,63,15,0,0,20,10,0,,,,100,,,Locked
99829333,212,HG,★★★★,K5,90,1980710,0,0,x5,,315,315,27,48,74,60,15,0,0,40,10,0,,,,100,,,Locked
102617521,225,SMG,★★★★,Cx4 Storm,1,0,0,0,x1,,90,90,13,2,10,44,12,0,0,5,1,0,,,,100,,,Locked
102849467,59,SMG,★★★★★,AK-74U,1,0,0,0,x1,,97,97,14,2,10,59,12,0,0,5,1,0,,,,100,,,Locked
103359604,239,AR,★★★,Type03,1,0,0,0,x1,,58,58,20,7,6,50,10,0,0,20,1,0,,,,100,,,Locked
103773479,231,RF,★★★★★,M82A1,1,0,0,0,x1,,44,44,54,9,4,22,7,0,0,40,1,0,,,,50,,,Locked
104396166,194,AR,★★★★★,K2,90,1992594,0,0,x5,,605,605,47,46,39,76,10,0,0,20,10,0,,,,100,,,Locked
105768751,231,RF,★★★★★,M82A1,95,2696970,0,0,x5,,430,430,152,74,28,33,7,0,0,40,10,0,,,,100,,,Locked
105774566,4,HG,★★★★★,Python,100,3263300,-,-,x5,,350,350,40,81,82,49,15,0,0,40,10,0,,,,100,,,Locked
106375205,229,SG,★★★★★,M870,100,3263300,-,-,x5,,1320,1320,33,13,12,29,6,23,4,40,10,0,,,,100,,,Locked
106557837,227,AR,★★★★,A-91,90,1977000,0,0,x5,,535,535,49,45,34,72,10,0,0,20,4,0,,,,100,,,Locked
108626849,197,RF,★★★★★,Carcano M1891,90,2041080,0,0,x5,,380,380,129,77,38,33,7,0,0,40,10,0,,,,100,,,Locked
108976910,20046,RF,★★★★★★,Kar98k Mod,117,18505104,0,0,x5,Mod3,445,445,146,88,43,36,7,0,0,40,10,10,M1022 Sniper Rounds,PM 5-25X56,M200X LRF,200,Oathed,2023-07-31 17:49,Locked
108997443,261,RF,★★★★★,QBU-88,90,2001000,0,0,x5,,400,400,118,79,38,40,7,0,0,40,10,0,,,,100,,,Locked
108997573,198,RF,★★★★★,Carcano M91/38,100,3263300,-,-,x5,,365,365,146,90,44,34,7,0,0,40,10,0,,,,100,,,Locked
108997733,184,RF,★★★★,T-5000,90,1992120,0,0,x5,,430,430,118,77,26,34,7,0,0,40,10,0,,,,100,,,Locked
109132089,256,RF,★★★,Falcon,100,3263300,-,-,x5,,440,440,140,71,28,32,7,0,0,40,2,0,,,,100,,,Locked
109132227,270,RF,★★★★,4 Shiki,100,3263300,-,-,x5,,420,420,112,74,37,39,7,0,0,40,10,0,Arisaka AP Rounds,,,100,,,Locked
109132820,50,RF,★★★★★,Lee Enfield,70,705000,0,0,x4,,272,272,108,57,29,32,7,0,0,40,3,0,,,,50,,,Locked
109564080,218,SMG,★★★,T77,1,0,0,0,x1,,93,93,10,2,10,66,12,0,0,5,1,0,,,,100,,,Locked
109861513,198,RF,★★★★★,Carcano M91/38,90,2052447,0,0,x5,,345,345,136,82,40,33,7,0,0,40,10,0,,,,100,,,Locked
110292890,269,HG,★★★★,Gr P30,2,187,0,0,x1,,35,35,13,9,12,38,15,0,0,20,1,0,,,,100,,,Locked
111169964,179,RF,★★★★★,Gd DSR-50,90,1977000,0,0,x5,,390,390,152,79,30,30,7,0,0,40,1,0,,,,55,,,Locked
112005097,20200,RF,★★★★★,XM3 Mod,115,10134060,0,0,x5,Mod3,430,430,139,93,33,37,7,0,0,40,10,10,M118LR,,,200,Oathed,2023-04-13 18:12,Locked
112716756,223,AR,★★★,Model L,100,3263300,-,-,x5,,550,550,50,45,41,73,10,0,0,20,2,0,,,,100,,,Locked
112823212,234,SMG,★★★★★,JS 9,94,2461031,0,0,x5,,870,870,26,14,82,88,12,0,0,5,10,0,,,,100,,,Locked
113215145,241,RF,★★★,RT-20,1,0,0,0,x1,,45,45,56,10,4,18,7,0,0,40,1,0,,,,100,,,Locked
114765214,1009,HG,★★★★★,El Clear,100,3263300,-,-,x5,,330,330,31,62,88,61,15,0,0,20,10,0,Glorylight,,,100,,,Locked
116001485,1010,HG,★★★★★,El Fail,1,0,0,0,x1,,33,33,10,7,10,39,15,0,0,20,1,0,,,,100,,,Locked
116462876,196,AR,★★★★★,Zas M21,90,1977000,0,0,x5,,575,575,51,44,38,71,10,0,0,20,4,0,,,,50,,,Locked
116463082,214,AR,★★★★★,ADS,1,0,0,0,x1,,61,61,16,6,5,50,10,0,0,20,1,0,,,,100,,,Locked
116639163,238,MG,★★★★★,QJY-88,100,3263300,-,-,x5,,825,825,86,33,35,126,4,0,10,5,10,0,,,,100,,,Locked
118245086,266,RF,★★★★★,R93,100,3263300,-,-,x5,,405,405,133,97,34,39,7,0,0,40,10,0,,,,150,Oathed,2021-06-07 16:27,Locked
118957518,232,HG,★★★,MP-448,1,0,0,0,x1,,32,32,9,8,12,40,15,0,0,20,1,0,,,,100,,,Locked
119169236,43,RF,★★★★,SVD,30,45000,0,0,x3,,156,156,72,31,13,29,7,0,0,40,4,0,,,,50,,,Locked
119170350,20037,RF,★★★★,M14 Mod,115,11016546,933246,1266754,x5,Mod3,430,430,110,73,28,44,7,0,0,40,10,10,,M2 Bipod,,200,Oathed,2020-05-22 10:40,Locked
120901116,198,RF,★★★★★,Carcano M91/38,90,2052020,0,0,x5,,345,345,136,82,40,33,7,0,0,40,10,0,,,,100,,,Locked
122496233,173,MG,★★★★★,PKP,100,3263300,-,-,x5,,825,825,95,31,29,127,4,0,10,5,10,0,,,,150,Oathed,2022-06-25 11:32,Locked
122996168,244,HG,★★★,TEC-9,90,1980180,0,0,x5,,395,395,27,42,58,61,15,0,0,20,10,0,,,,100,,,Locked
123247113,255,RF,★★★,Scout,1,0,0,0,x1,,45,45,43,10,5,24,7,0,0,40,1,0,,,,100,,,Locked
124869533,233,HG,★★★★★,Px4 Storm,90,2005800,0,0,x5,,320,320,33,63,85,55,15,0,0,20,10,0,,,,100,,,Locked
125534454,20252,RF,★★★★★,KSVK Mod,115,10670626,587326,1612674,x5,Mod3,450,450,164,86,31,32,7,0,0,40,10,10,12.7mm 1SL,VFL 6-24X56,Thermoptic Camouflage Cape,200,Oathed,2021-01-21 19:13,Locked
126359797,20097,HG,★★★★★★,M950A Mod,113,8141058,857758,342242,x5,Mod2,400,400,32,57,76,72,15,0,0,20,10,10,,,,100,,,Locked
126362775,250,HG,★★★★★,HS2000,100,3263300,-,-,x5,,360,360,33,61,87,62,15,0,0,20,10,0,RMR T4 Red Dot Sight,ILM Hollow-Point Ammo,IOP X4 Exoskeleton,100,,,Locked
126385689,242,HG,★★★★★,P22,100,3263300,-,-,x5,,350,350,28,66,110,62,15,0,0,20,10,0,,,,100,,,Locked
126547393,253,MG,★★★★★,Lewis,100,3263300,-,-,x5,,950,950,102,31,31,116,4,0,10,5,10,0,,,,100,,,Locked
126723619,164,SG,★★★★★,FP-6,100,3263300,-,-,x5,,1300,1300,31,13,12,28,6,24,4,40,10,0,,,,100,,,Locked
127053641,242,HG,★★★★★,P22,100,3263300,-,-,x5,,350,350,28,66,110,62,15,0,0,20,10,0,,,,100,,,Locked
127074224,251,SMG,★★★★★,X95,100,3263300,-,-,x5,,970,970,34,13,67,90,12,0,0,5,10,0,,,,100,,,Locked
127235621,242,HG,★★★★★,P22,100,3263300,-,-,x5,,350,350,28,66,110,62,15,0,0,20,10,0,S.F. Modified Tactical Light,Signal Flare,IOP T4 Exoskeleton,100,,,Locked
127252180,20091,HG,★★★★,MP-446 Mod,110,5263300,0,0,x5,Mod2,335,335,30,56,78,60,15,0,0,20,10,10,,,,100,,,Locked
127271571,242,HG,★★★★★,P22,100,3263300,-,-,x5,,350,350,28,66,110,62,15,0,0,20,10,0,S.F. Modified Tactical Light,Signal Flare,IOP T4 Exoskeleton,100,,,Locked
127362063,250,HG,★★★★★,HS2000,91,2113487,0,0,x5,,345,345,31,56,80,60,15,0,0,20,10,0,,,,100,,,Locked
127798528,258,AR,★★★,Magal,1,0,0,0,x1,,58,58,16,6,5,46,10,0,0,20,1,0,,,,100,,,Locked
128510491,262,AR,★★★★,EM-2,100,3263300,-,-,x5,,595,595,57,48,48,61,10,0,0,20,10,0,,,,100,,,Locked
128630254,265,AR,★★★,Gr HK33,1,0,0,0,x1,,53,53,18,7,6,50,10,0,0,20,1,0,,,,100,,,Locked
129728853,185,MG,★★★★,Ameli,90,1977000,0,0,x5,,670,670,77,35,38,143,4,0,8,5,2,0,,,,100,,,Locked
130493701,4,HG,★★★★★,Python,100,3263300,-,-,x5,,350,350,40,81,82,49,15,0,0,40,10,0,,,,100,,,Locked
131519288,20060,AR,★★★★★,AS Val Mod,115,10094532,0,0,x5,Mod3,675,675,42,50,50,76,10,0,0,20,10,10,,SP6 Subsonic Ammo,,200,Oathed,2022-11-25 23:17,Locked
131756014,267,SMG,★★★,MP41,40,108000,0,0,x3,,405,405,19,7,29,62,12,0,0,5,1,0,,,,65,,,Locked
134644173,277,HG,★★★,Gr VP70,2,280,0,0,x1,,34,34,12,8,10,41,15,0,0,20,1,0,,,,100,,,Locked
135062589,288,AR,★★★★,CR-21,90,1977000,0,0,x5,,525,525,45,48,39,78,10,0,0,20,4,0,,,,50,,,Locked
135062611,257,RF,★★★★★,M200,90,2041026,0,0,x5,,420,420,135,88,29,33,7,0,0,40,10,0,,,,100,,,Locked
135698674,260,HG,★★★★★,PA-15,100,3263300,-,-,x5,,350,350,35,65,76,64,15,0,0,20,10,0,,,,100,,,Locked
135915169,233,HG,★★★★★,Px4 Storm,90,1986000,0,0,x5,,320,320,33,63,85,55,15,0,0,20,10,0,,,,100,,,Locked
136001226,268,RF,★★★,T-CMS,1,0,0,0,x1,,44,44,45,10,4,25,7,0,0,40,1,0,,,,50,,,Locked
137685589,1027,AR,★★★★★,Angelica,100,3263300,-,-,x5,,605,605,55,57,46,75,10,0,0,30,10,0,,,,100,,,Locked
138336903,1025,SG,★★★★★,Triela,100,3263300,-,-,x5,,1265,1265,37,12,12,26,6,21,4,40,10,0,,,,100,,,Locked
138336916,1024,RF,★★★★★,Rico,100,3263300,-,-,x5,,400,400,130,80,33,37,7,0,0,40,10,0,,,Duelling Cards,100,,,Locked
138718070,271,MG,★★★,K3,1,0,0,0,x1,,83,83,28,4,5,90,4,0,9,5,1,0,,,,100,,,Locked
139164304,20065,AR,★★★★★★,416 Mod,120,30283300,-,-,x5,Mod3,620,620,55,51,47,79,10,0,0,20,10,10,EOT XPS3,,Tactical Headwear,200,Oathed,2022-11-25 23:15,Locked
139164352,198,RF,★★★★★,Carcano M91/38,91,2176073,0,0,x5,,345,345,137,83,41,33,7,0,0,40,10,0,,,,100,,,Locked
139169883,1023,SMG,★★★★★,Henrietta,90,1976520,0,0,x5,,905,905,29,14,76,90,12,0,0,5,4,0,,,,100,,,Locked
139434766,224,SMG,★★★★★,PM-06,90,1977000,0,0,x5,,905,905,27,14,69,81,12,0,0,5,4,0,,,,100,,,Locked
142530643,278,SG,★★★,Six12,5,1120,0,0,x1,,126,126,14,3,3,22,6,3,4,40,1,0,,,,100,,,Locked
142591299,279,AR,★★★,INSAS,1,0,0,0,x1,,55,55,18,7,6,48,10,0,0,20,1,0,,,,100,,,Locked
142643121,275,MG,★★★★,M1895 CB,100,3263300,-,-,x5,,950,950,90,26,23,131,4,0,10,5,10,0,,,,100,,,Locked
142896601,272,HG,★★★★★,Desert Eagle,100,3263300,-,-,x5,,365,365,41,57,66,55,15,0,0,40,10,0,,,,100,,,Locked
143024212,160,SG,★★★★★,Saiga-12,100,3263300,-,-,x5,,1320,1320,29,12,11,35,6,23,5,40,10,0,,,Recoil Reduction Kit,100,,,Locked
143489960,276,MG,★★★★★,Kord,1,0,0,0,x1,,99,99,41,3,3,76,4,0,9,5,10,0,,,,65,,,Locked
143911397,274,AR,★★★★★,ACR,100,3263300,-,-,x5,,580,580,54,54,48,77,10,0,0,30,10,0,,,,100,,,Locked
143911409,112,MG,★★★★★,Negev,90,1983750,0,0,x5,,825,825,78,32,33,134,4,0,9,5,5,0,,,,100,,,Locked
144139468,273,RF,★★★★,SSG3000,90,2000040,0,0,x5,,420,420,117,70,28,36,7,0,0,40,10,0,,,,100,,,Locked
144207218,132,HG,★★★,Type59,90,1977000,0,0,x5,,285,285,26,56,87,59,15,0,0,20,8,0,,,,100,,,Locked
144225781,20026,SMG,★★★★★,Gr MP5 Mod,111,5917162,0,0,x5,Mod2,895,895,31,14,70,90,12,0,0,5,10,10,GSG UX Exoskeleton,,,150,Oathed,2022-02-21 21:14,Locked
144252387,36,RF,★★★★,Springfield,100,3263300,-,-,x5,,420,420,128,72,40,32,7,0,0,40,8,0,,,,100,,,Locked
144313314,276,MG,★★★★★,Kord,100,3263300,-,-,x5,,990,990,109,22,21,110,4,0,9,5,10,0,,,,150,Oathed,2022-06-25 11:31,Locked
144656305,51,RF,★★,FF FN49,90,1977400,0,0,x5,,440,440,104,56,29,31,7,0,0,40,7,0,,,,60,,,Locked
144656306,20081,MG,★★★★,LWMMG Mod,110,5275300,12000,468000,x5,Mod2,880,880,102,27,24,92,4,0,10,5,10,10,Mk1000 SLAP,RMR T4 Red Dot Sight,IOP Maximum Ammo Box,150,Oathed,2021-11-22 12:01,Locked
144656308,20154,SG,★★★★,M500 Mod,111,5753820,0,0,x5,Mod2,1340,1340,32,12,10,29,6,22,4,40,10,10,,,,150,Oathed,2021-09-01 12:27,Locked
145172582,284,RF,★★★,Zas M76,11,6000,0,0,x2,,94,94,47,17,9,27,7,0,0,40,1,0,,,,100,,,Locked
147217424,14,HG,★★★,Astra,90,1977000,0,0,x5,,380,380,31,41,62,50,15,0,0,20,4,0,,,,79,,,Locked
147217425,6,HG,★★★,Tokarev,100,3263300,-,-,x5,,430,430,31,47,66,52,15,0,0,20,5,0,,,,100,,,Locked
147217702,92,SMG,★★,Spectre M4,90,1977000,0,0,x5,,840,840,23,11,60,86,12,0,0,5,1,0,,,,100,,,Locked
147217729,27,SMG,★★★,Skorpion,100,3263300,-,-,x5,,795,795,24,13,83,95,12,0,0,5,4,0,,,,100,,,Locked
147801141,291,SMG,★★★,43M,1,0,0,0,x1,,93,93,11,2,7,60,12,0,0,5,1,0,,,,50,,,Locked
148229787,280,SMG,★★★★,MAT-49,90,1977000,0,0,x5,,880,880,28,13,67,77,12,0,0,5,4,0,,,,50,,,Locked
148910055,155,SG,★★★★,M590,100,3263300,-,-,x5,,1320,1320,32,11,10,31,6,22,4,40,3,0,,,,50,,,Locked
148920386,1028,SMG,★★★★★,Agent Vector,90,1977600,0,0,x5,,880,880,28,10,65,98,12,0,0,5,10,0,Go-Bag "V",.45 Hollow Point Ammo (Incendiary),Osprey 45 Silencer,100,,,Locked
149139263,178,SMG,★★★,F1,70,705000,0,0,x4,,720,720,21,10,44,71,12,0,0,5,1,0,,,,55,,,Locked
149341447,1029,AR,★★★★★,Agent 416,100,3263300,-,-,x5,,605,605,51,46,44,76,10,0,0,20,10,0,ACOG (4X),556 High-Velocity Ammo (Explosive),416's Go-Bag,100,,,Locked
149605837,234,SMG,★★★★★,JS 9,25,30000,0,0,x2,,224,224,15,5,30,67,12,0,0,5,4,0,,,,50,,,Locked
150035241,20159,SG,★★★★,RMB-93 Mod,115,10252050,0,0,x5,Mod3,1235,1235,33,12,14,29,6,23,4,40,10,10,Wing-Shaped Mechanical Shield,,,200,Oathed,2022-11-01 11:18,Locked
150125912,131,SMG,★★★,EVO 3,11,6000,0,0,x2,,214,214,11,4,16,68,12,0,0,5,1,0,,,,50,,,Locked
151067133,285,HG,★★★★★,C-93,90,1998400,0,0,x5,,300,300,31,57,89,62,15,0,0,20,10,0,,,,100,,,Locked
151168664,299,SG,★★★,HSM10,100,3263300,-,-,x5,,1235,1235,34,13,12,27,6,21,4,40,10,0,,,,100,,,Locked
151632247,158,SG,★★★,KS-23,11,6000,0,0,x2,,304,304,20,3,3,19,6,5,3,40,1,0,,,,50,,,Locked
152148643,298,AR,★★★,Vepr,1,0,0,0,x1,,55,55,17,6,6,48,10,0,0,20,1,0,,,,50,,,Locked
153257788,306,AR,★★★★★,AK-Alfa,100,3263300,-,-,x5,,580,580,56,53,52,75,10,0,0,20,10,0,,,,100,,,Locked
153479091,300,MG,★★★,CAR,100,3263300,-,-,x5,,825,825,93,32,29,112,4,0,8,5,10,0,,,,100,,,Locked
153484870,305,RF,★★★★,Tabuk,90,1977000,0,0,x5,,400,400,108,74,33,38,7,0,0,40,2,0,,,,55,,,Locked
153724735,259,SMG,★★★★★,PM-9,90,1980120,0,0,x5,,840,840,26,12,78,99,12,0,0,5,4,0,,,,100,,,Locked
154420194,145,RF,★★★,OTs-44,70,705000,0,0,x4,,272,272,126,49,24,29,7,0,0,40,1,0,,,,50,,,Locked
154526787,102,SMG,★★★★,UMP40,30,45000,0,0,x3,,351,351,15,6,29,67,12,0,0,5,1,0,,,,55,,,Locked
155907738,301,SMG,★★★,MAS-38,11,6000,0,0,x2,,210,210,12,4,17,60,12,0,0,5,1,0,,,,50,,,Locked
156117303,20026,SMG,★★★★★,Gr MP5 Mod,110,5299300,0,0,x5,Mod2,895,895,31,14,70,90,12,0,0,5,10,10,,,,150,Oathed,2022-10-04 17:11,Locked
156391913,294,HG,★★★★★,Webley,92,2232102,0,0,x5,,415,415,28,61,75,55,15,0,0,20,10,0,,,,100,,,Locked
156413583,282,SG,★★★★★,DP-12,100,3263300,-,-,x5,,1265,1265,31,13,13,30,6,23,5,40,10,0,,,,150,Oathed,2021-08-25 20:52,Locked
157763851,292,MG,★★★★★,RPK-16,100,3263300,-,-,x5,,825,825,85,37,36,129,4,0,10,5,10,0,M1022 Sniper Rounds,VFL 6-24X56,IOP Maximum Ammo Box,100,,,Locked
157911139,296,RF,★★★★★,Gr SL8,100,3263300,-,-,x5,,425,425,120,78,39,41,7,0,0,40,10,0,,,,100,,,Locked
159001215,287,AR,★★★★★,SIG-556,100,3263300,-,-,x5,,605,605,51,46,45,76,10,0,0,20,5,0,,,,100,,,Locked
159072716,289,AR,★★★★★,R5,100,3263300,-,-,x5,,620,620,55,54,43,76,10,0,0,20,10,0,,,,100,,,Locked
159178568,309,HG,★★★,WKp,30,45000,0,0,x3,,156,156,22,19,25,34,15,0,0,20,1,0,,,,50,,,Locked
161797119,303,HG,★★★★★,HP-35,100,3263300,-,-,x5,,380,380,31,64,89,58,15,0,0,20,10,0,,,,100,,,Locked
161888208,314,AR,★★★,StG-940,11,6000,0,0,x2,,122,122,22,11,10,50,10,0,0,20,1,0,,,,50,,,Locked
162483904,311,SMG,★★★★★,Lusa,90,1989510,0,0,x5,,970,970,27,12,63,91,12,0,0,5,6,0,,,,100,,,Locked
164088034,320,RF,★★★,GM6 Lynx,90,1989000,0,0,x5,,400,400,127,68,27,32,7,0,0,40,1,0,,,,50,,,Locked
164398648,4,HG,★★★★★,Python,100,3263300,-,-,x5,,350,350,40,81,82,49,15,0,0,40,10,0,RMR T4 Red Dot Sight,.357 Wadcutter Rounds,,150,Oathed,2022-06-28 19:14,Locked
166320274,321,SG,★★★,TS12,11,6000,0,0,x2,,268,268,16,4,3,22,6,5,3,40,1,0,,,,60,,,Locked
166513426,150,SMG,★★★★,Shipka,1,0,0,0,x1,,84,84,9,2,10,65,12,0,0,5,1,0,,,,50,,,Locked
166513494,304,SMG,★★★★,SAF,90,1977000,0,0,x5,,855,855,24,13,63,96,12,0,0,5,1,0,,,,50,,,Locked
166513535,286,SMG,★★★★,K-PDW,90,1977000,0,0,x5,,855,855,31,13,65,79,12,0,0,5,6,0,,,,100,,,Locked
167889893,340,AR,★★★★★,TKB-408,1,0,0,0,x1,,58,58,19,6,6,48,10,0,0,20,1,0,,,,50,,,Locked
167930528,324,SG,★★★★★,M6 ASW,100,3263300,-,-,x5,,1300,1300,39,15,14,28,6,22,4,40,10,0,,,,100,,,Locked
167953343,165,SG,★★★★,M1014,79,1234200,0,0,x4,,984,984,27,10,10,30,6,17,4,40,1,0,,,,100,,,Locked
167994803,20154,SG,★★★★,M500 Mod,110,5263300,0,0,x5,Mod2,1340,1340,32,12,10,29,6,22,4,40,10,10,,,,100,,,Locked
168124424,322,HG,★★★,QSB-91,11,6000,0,0,x2,,78,78,16,14,16,38,15,0,0,20,1,0,,,,100,,,Locked
168153946,283,SG,★★★★,Liberator,90,1977000,0,0,x5,,1100,1100,33,11,14,29,6,19,4,40,1,0,,,,50,,,Locked
168209231,167,HG,★★★,Gr HK45,90,1977600,0,0,x5,,315,315,32,53,73,53,15,0,0,20,4,0,,,,100,,,Locked
168606450,325,SG,★★★★,PM5,60,414000,0,0,x3,,570,570,26,8,10,26,6,13,5,40,1,0,,,,65,,,Locked
168639448,281,SG,★★★★★,CAWS,90,1977600,0,0,x5,,1170,1170,28,11,12,34,6,21,5,40,10,0,,,,100,,,Locked
169065289,120,AR,★★★,ARX-160,30,45000,0,0,x3,,192,192,27,19,19,57,10,0,0,20,1,0,,,,50,,,Locked
169911203,337,RF,★★★★★,De Lisle,100,3263300,-,-,x5,,510,510,109,87,38,37,7,0,0,40,10,0,M1022 Sniper Rounds,VFL 6-24X56,Thermoptic Camouflage Cape,100,,,Locked
169912204,329,RF,★★★★★,SVCh,100,3263300,-,-,x5,,435,435,144,97,30,35,7,0,0,40,10,0,,,,100,,,Locked
169923510,242,HG,★★★★★,P22,100,3263300,-,-,x5,,350,350,28,66,110,62,15,0,0,20,10,0,,,,100,,,Locked
169999548,242,HG,★★★★★,P22,100,3263300,-,-,x5,,350,350,28,66,110,62,15,0,0,20,10,0,,,,100,,,Locked
170276422,327,SMG,★★★,SUB-2000,1,0,0,0,x1,,97,97,10,2,9,59,12,0,0,5,1,0,,,,50,,,Locked
170346066,242,HG,★★★★★,P22,100,3263300,-,-,x5,,350,350,28,66,110,62,15,0,0,20,10,0,P22 Laser Pointer,,,97,,,Locked
170346291,242,HG,★★★★★,P22,11,6000,0,0,x2,,78,78,12,14,23,44,15,0,0,20,10,0,,,,50,,,Locked
170355632,242,HG,★★★★★,P22,100,3263300,-,-,x5,,350,350,28,66,110,62,15,0,0,20,10,0,,,,100,,,Locked
170529360,264,MG,★★★★,Chauchat,30,45000,0,0,x3,,336,336,56,13,12,62,4,0,9,5,1,0,,,,50,,,Locked
170637052,149,MG,★★★★,AEK-999,11,6000,0,0,x2,,182,182,40,7,7,87,4,0,10,5,1,0,,,,50,,,Locked
171537864,290,AR,★★★★★,89 Shiki,70,705000,0,0,x4,,412,412,44,35,33,72,10,0,0,20,10,0,,,,50,,,Locked
171644709,1031,RF,★★★★★,Pekola,100,3263300,-,-,x5,,440,440,126,80,40,37,7,0,0,40,10,0,,,Donut of Sweet Dreams,150,Oathed,2023-01-21 20:08,Locked
171666942,1032,AR,★★★★★,Medusa,100,3263300,-,-,x5,,605,605,58,57,47,73,10,0,0,30,10,0,,,Paper Bag Helmet,100,,,Locked
171728695,1034,SG,★★★★★,Minos,60,414000,0,0,x3,,687,687,30,8,8,22,6,15,4,40,5,0,,,,50,,,Locked
171848997,1030,SMG,★★★★★,Jashin-chan,90,2028600,0,0,x5,,965,965,24,12,69,79,12,0,0,5,4,0,,,,100,,,Locked
171922251,1033,MG,★★★★★,Hanazono Yurine,100,3263300,-,-,x5,,910,910,93,29,24,128,4,0,10,5,10,0,,Grimoire Vol. II,,100,,,Locked
172061315,308,RF,★★★,C14,1,0,0,0,x1,,47,47,47,10,4,22,7,0,0,40,1,0,,,,100,,,Locked
173430123,282,SG,★★★★★,DP-12,70,705000,0,0,x4,,860,860,26,10,10,28,6,17,5,40,10,0,,,,100,,,Locked
174170526,312,RF,★★★★★,VSK-94,30,45000,0,0,x3,,171,171,71,30,13,29,7,0,0,40,1,0,,,,50,,,Locked
174334023,307,MG,★★★★★,ZB-26,93,2337600,0,0,x5,,875,875,95,28,30,113,4,0,9,5,10,0,,,,100,,,Locked
174751421,302,SG,★★★★,Defender,100,3263300,-,-,x5,,1235,1235,38,13,17,27,6,18,8,40,10,0,,#000 Buckshot,VFL 6-24X56,150,Oathed,2022-07-26 21:43,Locked
174914670,313,AR,★★★★★,S-ACR,70,711000,0,0,x4,,420,420,37,33,31,82,10,0,0,20,1,0,,,,100,,,Locked
175285446,152,SG,★★★,M1897,30,45000,0,0,x3,,492,492,20,5,5,21,6,8,4,40,1,0,,,,50,,,Locked
176515092,242,HG,★★★★★,P22,100,3263300,-,-,x5,,350,350,28,66,110,62,15,0,0,20,10,0,,,,100,,,Locked
176693862,319,MG,★★★★,PM1910,1,0,0,0,x1,,95,95,34,4,4,72,4,0,10,5,1,0,,,,50,,,Locked
176693864,318,AR,★★★★★,VHS,100,3263300,-,-,x5,,580,580,57,54,47,78,10,0,0,20,10,0,,,,100,,,Locked
176731838,317,RF,★★★★,Mondragon M1908,100,3263300,-,-,x5,,420,420,112,74,34,41,7,0,0,40,10,0,,,Old Camouflage Uniform,100,,,Locked
176783235,316,RF,★★★★★,General Liu,100,3263300,-,-,x5,,400,400,139,88,30,40,7,0,0,40,10,0,,,,100,,,Locked
176793321,323,SG,★★★★★,LTLX7000,100,3263300,-,-,x5,,1375,1375,23,14,11,28,6,25,5,40,10,0,,,,100,,,Locked
176889324,297,AR,★★★★,FI M82,100,3263300,-,-,x5,,565,565,51,45,46,75,10,0,0,20,3,0,,,,60,,,Locked
177133415,295,SMG,★★★★,CF-05,1,0,0,0,x1,,96,96,10,2,10,61,12,0,0,5,2,0,,,,70,,,Locked
177719613,315,SMG,★★★★★,AUG Para,70,705000,0,0,x4,,628,628,24,11,61,80,12,0,0,5,1,0,,,,100,,,Locked
178756397,310,HG,★★★★,Rex Zero 1,100,3263300,-,-,x5,,350,350,31,56,74,61,15,0,0,20,10,0,,,,100,,,Locked
179272713,96,HG,★★★★★,Grizzly,100,3263300,-,-,x5,,430,430,38,51,66,54,15,0,0,20,10,0,,,,100,,,Locked
179370532,330,AR,★★★★,FX-05,100,3263300,-,-,x5,,550,550,54,55,47,69,10,0,0,20,10,0,,,,140,Oathed,2023-03-06 16:36,Locked
179373773,338,AR,★★★★★,SIG MCX,100,3263300,-,-,x5,,580,580,49,57,46,83,10,0,0,20,10,0,,,,100,,,Locked
179595441,263,MG,★★★★★,Gr MG36,11,6000,0,0,x2,,200,200,34,8,8,88,4,0,10,5,1,0,,,,55,,,Locked
179717865,339,MG,★★★★★,RPK-203,100,3263300,-,-,x5,,825,825,91,34,36,124,4,0,9,5,10,0,M1022 Sniper Rounds,16Lab 6-24X56,IOP Maximum Ammo Box,150,Oathed,2022-06-28 17:56,Locked
179913657,294,HG,★★★★★,Webley,91,2182420,0,0,x5,,410,410,27,60,74,55,15,0,0,20,10,0,,,,100,,,Locked
179959232,294,HG,★★★★★,Webley,100,3263300,-,-,x5,,430,430,29,66,81,57,15,0,0,20,10,0,RMR T4 Red Dot Sight,,IOP T4 Exoskeleton,100,,,Locked
180525691,336,SMG,★★★★,PPD-40,30,45000,0,0,x3,,360,360,15,6,29,69,12,0,0,5,1,0,,,,50,,,Locked
181781910,180,RF,★★★★,PzB39,100,3263300,-,-,x5,,420,420,148,71,31,32,7,0,0,40,1,0,,,,50,,,Locked
182927013,350,SG,★★★★★,FO-12,100,3263300,-,-,x5,,1280,1280,30,13,11,36,6,23,5,40,10,0,,,,100,,,Locked
182927046,326,SG,★★★★,512,70,705000,0,0,x4,,868,868,30,11,10,28,6,15,3,40,1,0,,,,50,,,Locked
182930255,20159,SG,★★★★,RMB-93 Mod,115,10439412,356112,1843888,x5,Mod3,1235,1235,33,12,14,29,6,23,4,40,10,10,Wing-Shaped Mechanical Shield,SABOT Slug,,200,Oathed,2022-11-10 22:58,Locked
182930283,352,SG,★★★★,Nova,100,3263300,-,-,x5,,1320,1320,31,13,16,29,6,19,7,40,10,0,,,,150,Oathed,2023-01-25 19:22,Locked
182936117,116,SMG,★★★,Z-62,1,0,0,0,x1,,84,84,10,2,10,52,12,0,0,5,1,0,,,,50,,,Locked
182936479,353,SG,★★★★,MAG-7,30,46120,0,0,x3,,471,471,25,6,5,21,6,8,5,40,10,0,,,,50,,,Locked
182954333,351,SG,★★★★★,M26-MASS,100,3263300,-,-,x5,,1265,1265,35,15,14,30,6,22,5,40,10,0,,,,100,,,Locked
183069331,1022,SG,★★★★★,Dana Zane,5,1120,0,0,x1,,140,140,16,3,3,19,6,4,1,40,1,0,,,,50,,,Locked
183557653,1021,MG,★★★★★,Alma Armas,1,0,0,0,x1,,98,98,32,4,3,87,4,0,9,5,1,0,,,,50,,,Locked
183721469,1018,HG,★★★★★,Sei Asagiri,1,0,0,0,x1,,43,43,11,8,10,36,15,0,0,20,1,0,,,,100,,,Locked
183722709,1019,SMG,★★★★★,Dorothy Haze,1,0,0,0,x1,,88,88,10,2,10,52,12,0,0,5,1,0,,,,50,,,Locked
183730112,1017,HG,★★★★★,Jill Stingray,1,0,0,0,x1,,40,40,10,6,11,36,15,0,0,20,1,0,,,,100,,,Locked
183989269,198,RF,★★★★★,Carcano M91/38,100,3263300,-,-,x5,,365,365,146,90,44,34,7,0,0,40,10,0,,,,100,,,Locked
186128339,328,SMG,★★★★,AR-57,90,1977000,0,0,x5,,870,870,25,13,67,89,12,0,0,5,1,0,,,,50,,,Locked
186358999,347,SMG,★★★★★,SR2,100,3263300,-,-,x5,,1040,1040,31,14,65,92,12,0,0,5,10,0,,,,100,,,Locked
186864885,349,AR,★★★★,AK74M,100,3263300,-,-,x5,,550,550,51,57,45,73,10,0,0,20,10,0,,,,100,,,Locked
187038439,20293,AR,★★★★★★,AK-15 Mod,115,10506736,0,0,x5,Mod3,590,590,63,54,53,78,10,0,0,20,10,10,,,Perst-4,200,Oathed,2023-01-17 19:32,Locked
187087258,198,RF,★★★★★,Carcano M91/38,100,3263300,-,-,x5,,365,365,146,90,44,34,7,0,0,40,10,0,,,,100,,,Locked
187292446,348,RF,★★★★★,HS.50,100,3263300,-,-,x5,,440,440,159,84,29,33,7,0,0,40,10,0,M1022 Sniper Rounds,VFL 6-24X56,Thermoptic Camouflage Cape,150,Oathed,2022-06-28 19:13,Locked
187417442,272,HG,★★★★★,Desert Eagle,1,0,0,0,x1,,37,37,14,7,8,36,15,0,0,40,1,0,,,,50,,,Locked
187918012,323,SG,★★★★★,LTLX7000,100,3263300,-,-,x5,,1375,1375,23,14,11,28,6,25,5,40,10,0,,,,100,,,Locked
188330632,346,HG,★★★★,CZ100,30,46000,0,0,x3,,141,141,17,21,32,46,15,0,0,20,10,0,,,,50,,,Locked
188723624,254,MG,★★★★,UKM-2000,1,0,0,0,x1,,85,85,35,4,4,81,4,0,11,5,1,0,,,,50,,,Locked
189372671,20049,RF,★★★★,Type56R Mod,115,10229664,146364,2053636,x5,Mod3,475,475,110,70,37,37,7,0,0,40,10,10,Custom Tracer Rounds,VFL 6-24X56,Thermoptic Camouflage Cape,200,Oathed,2022-07-26 21:35,Locked
189441009,331,HG,★★★★★,Kolibri,100,3263300,-,-,x5,,330,330,15,59,128,58,15,0,0,20,10,0,,,,100,,,Locked
189569643,335,AR,★★★★,Fedorov Avtomat,100,3263300,-,-,x5,,550,550,58,58,47,59,10,0,0,20,10,0,,,,100,,,Locked
189600197,334,RF,★★★★★,Model 99,70,705000,0,0,x4,,332,332,102,62,28,31,7,0,0,40,1,0,,,,50,,,Locked
189808750,333,SMG,★★★★★,VP1915,1,0,0,0,x1,,102,102,10,2,10,65,12,0,0,5,10,0,,,,50,,,Locked
189975562,332,HG,★★★★,Derringer,11,6000,0,0,x2,,78,78,13,14,21,37,15,0,0,20,1,0,,,,99,,,Locked
190207837,198,RF,★★★★★,Carcano M91/38,100,3263300,-,-,x5,,365,365,146,90,44,34,7,0,0,40,10,0,,,,100,,,Locked
190394497,333,SMG,★★★★★,VP1915,1,0,0,0,x1,,102,102,10,2,10,65,12,0,0,5,1,0,,,,50,,,Locked
190493597,323,SG,★★★★★,LTLX7000,100,3263300,-,-,x5,,1375,1375,23,14,11,28,6,25,5,40,10,0,,,,150,Oathed,2022-11-25 14:52,Locked
190784587,307,MG,★★★★★,ZB-26,1,0,0,0,x1,,91,91,34,4,4,76,4,0,9,5,1,0,,,,50,,,Locked
191293586,333,SMG,★★★★★,VP1915,1,0,0,0,x1,,102,102,10,2,10,65,12,0,0,5,1,0,,,,50,,,Locked
191701820,365,AR,★★★★★,SCR,30,45000,0,0,x3,,216,216,27,21,20,59,10,0,0,20,1,0,,,,100,,,Locked
191701924,354,HG,★★★★,ZiP .22,100,3263300,-,-,x5,,330,330,31,40,85,63,15,0,0,20,10,0,,,,100,,,Locked
191702014,355,SMG,★★★★,Vigneron M2,11,6000,0,0,x2,,194,194,13,4,17,62,12,0,0,5,1,0,,,,50,,,Locked
191702199,354,HG,★★★★,ZiP .22,100,3263300,-,-,x5,,330,330,31,40,85,63,15,0,0,20,10,0,,,,100,,,Locked
191702311,303,HG,★★★★★,HP-35,90,1995000,0,0,x5,,365,365,29,58,81,56,15,0,0,20,10,0,,,,61,,,Locked
191778209,354,HG,★★★★,ZiP .22,1,0,0,0,x1,,33,33,12,6,12,44,15,0,0,20,2,0,,,,57,,,Locked
193303604,351,SG,★★★★★,M26-MASS,100,3263300,-,-,x5,,1265,1265,35,15,14,30,6,22,5,40,10,0,,,,100,,,Locked
193519295,198,RF,★★★★★,Carcano M91/38,100,3263300,-,-,x5,,365,365,146,90,44,34,7,0,0,40,10,0,,,,100,,,Locked
193999123,356,AR,★★★★★,A-545,100,3263300,-,-,x5,,550,550,55,53,49,82,10,0,0,20,10,0,,,,150,Oathed,2023-07-08 10:26,Locked
194148646,364,SMG,★★★★,MPK,100,3263300,-,-,x5,,925,925,30,13,75,78,12,0,0,5,10,0,,,,99,,,Locked
194723681,343,AR,★★★★,APC556,1,0,0,0,x1,,57,57,17,6,6,51,10,0,0,20,10,0,,,,51,,,Locked
194755761,20008,HG,★★★★,Makarov Mod,115,10083300,-,-,x5,Mod2,340,340,29,63,104,61,15,0,0,20,10,10,,,,150,Oathed,2022-11-06 11:36,Locked
194782846,345,MG,★★★★★,MG338,100,3263300,-,-,x5,,870,870,104,26,26,125,4,0,9,5,10,0,M1022 Sniper Rounds,VFL 6-24X56,IOP Maximum Ammo Box,100,,,Locked
194811904,363,SMG,★★★★,MPL,100,3263300,-,-,x5,,925,925,31,13,72,78,12,0,0,5,10,0,,,,100,,,Locked
194820239,344,AR,★★★★,FARA 83,1,0,0,0,x1,,55,55,17,7,6,52,10,0,0,20,1,0,,,,50,,,Locked
194821257,342,AR,★★★★★,KH2002,11,6000,0,0,x2,,146,146,23,12,9,56,10,0,0,20,1,0,,,,50,,,Locked
194821779,331,HG,★★★★★,Kolibri,100,3263300,-,-,x5,,330,330,15,59,128,58,15,0,0,20,10,0,,,,77,,,Locked
194868516,331,HG,★★★★★,Kolibri,100,3263300,-,-,x5,,330,330,15,59,128,58,15,0,0,20,10,0,,,,100,,,Locked
194931276,341,SMG,★★★★★,SP9,100,3263300,-,-,x5,,1100,1100,28,13,69,89,12,0,0,5,10,0,,,,100,,,Locked
194965465,341,SMG,★★★★★,SP9,70,705000,0,0,x4,,748,748,22,10,51,80,12,0,0,5,1,0,,,,50,,,Locked
195119701,339,MG,★★★★★,RPK-203,1,0,0,0,x1,,83,83,30,4,4,80,4,0,9,5,1,0,,,,50,,,Locked
195229268,351,SG,★★★★★,M26-MASS,100,3263300,-,-,x5,,1265,1265,35,15,14,30,6,22,5,40,10,0,,,,100,,,Locked
195342379,341,SMG,★★★★★,SP9,1,0,0,0,x1,,110,110,10,2,8,59,12,0,0,5,1,0,,,,50,,,Locked
195410358,302,SG,★★★★,Defender,100,3263300,-,-,x5,,1235,1235,38,13,17,27,6,18,8,40,10,0,,20-gauge Custom Slug Rounds,,100,,,Locked
195604588,323,SG,★★★★★,LTLX7000,100,3263300,-,-,x5,,1375,1375,23,14,11,28,6,25,5,40,10,0,,,,100,,,Locked
198028212,360,RF,★★★★,TFQ,1,0,0,0,x1,,45,45,44,10,4,25,7,0,0,40,1,0,,,,50,,,Locked
198053700,348,RF,★★★★★,HS.50,100,3263300,-,-,x5,,440,440,159,84,29,33,7,0,0,40,10,0,,,,100,,,Locked
198073574,361,AR,★★★★★,QBZ-191,100,3263300,-,-,x5,,605,605,56,51,46,78,10,0,0,20,10,0,,,,100,,,Locked
198077057,359,SMG,★★★★★,Sterling,1,0,0,0,x1,,99,99,11,2,10,57,12,0,0,5,1,0,,,,50,,,Locked
198077064,362,MG,★★★★,LS26,1,0,0,0,x1,,83,83,39,4,3,65,4,0,9,5,2,0,,,,100,,,Locked
198077066,358,HG,★★★★,PPQ,100,3263300,-,-,x5,,350,350,32,58,70,61,15,0,0,20,10,0,,,,100,,,Locked
198157969,357,HG,★★★★★,Rhino,100,3263300,-,-,x5,,365,365,34,77,77,57,15,0,0,40,10,0,RMR T4 Red Dot Sight,ILM Hollow-Point Ammo,,140,Oathed,2023-07-18 22:47,Locked
198166035,350,SG,★★★★★,FO-12,100,3263300,-,-,x5,,1280,1280,30,13,11,36,6,23,5,40,10,0,,,,100,,,Locked
198201320,114,HG,★★★★★,Welrod MkⅡ,100,3263300,-,-,x5,,400,400,28,71,90,52,15,0,0,40,10,0,,,,100,,,Locked
198535956,357,HG,★★★★★,Rhino,1,0,0,0,x1,,37,37,12,9,9,38,15,0,0,40,1,0,,,,50,,,Locked
198589321,20005,HG,★★★★,M1895 Mod,110,5385306,122006,357994,x5,Mod2,355,355,35,47,98,45,15,0,0,20,10,10,S.F. Modified Tactical Light,Signal Flare,IOP T4 Exoskeleton,100,,,Locked
198589453,20005,HG,★★★★,M1895 Mod,110,5326240,62940,417060,x5,Mod2,355,355,35,47,98,45,15,0,0,20,10,10,,,,100,,,Locked
199098530,357,HG,★★★★★,Rhino,30,45000,0,0,x3,,141,141,19,29,29,44,15,0,0,40,1,0,,,,50,,,Locked
199576446,323,SG,★★★★★,LTLX7000,100,3263300,-,-,x5,,1375,1375,23,14,11,28,6,25,5,40,10,0,Type 3 Armor Plate,Shotgun Flash Shells,S.F. Modified Tactical Light,100,,,Locked
199997874,187,AR,★★★★,Ak 5,100,3263300,-,-,x5,,580,580,51,48,38,75,10,0,0,20,10,0,,,,100,,,Locked
200367268,242,HG,★★★★★,P22,30,45000,0,0,x3,,135,135,16,25,42,48,15,0,0,20,10,0,,,,50,,,Locked
200488254,13,HG,★★★,Type92,90,1977000,0,0,x5,,300,300,29,42,73,59,15,0,0,20,1,0,,,,50,,,Locked
200521451,80,MG,★★★,M1919A4,100,3263300,-,-,x5,,910,910,96,26,22,99,4,0,9,5,1,0,,,,100,,,Locked
200551175,366,SG,★★★★★,SPAS-15,100,3263300,-,-,x5,,1320,1320,35,14,10,34,6,23,3,40,10,0,,,,100,,,Locked
200551223,282,SG,★★★★★,DP-12,1,0,0,0,x1,,127,127,12,2,2,21,6,3,5,40,10,0,,,,55,,,Locked
201089203,20216,AR,★★★★★,XM8 Mod,115,10479320,0,0,x5,Mod3,550,550,54,51,48,81,10,0,0,20,10,10,,,,200,Oathed,2023-06-06 22:22,Locked
201119887,171,AR,★★★★,Ribeyrolles,1,0,0,0,x1,,55,55,21,5,5,41,10,0,0,20,5,0,,,,50,,,Locked
201246090,363,SMG,★★★★,MPL,100,3263300,-,-,x5,,925,925,31,13,72,78,12,0,0,5,10,0,,,,100,,,Locked
201255850,363,SMG,★★★★,MPL,100,3263300,-,-,x5,,925,925,31,13,72,78,12,0,0,5,10,0,,,,100,,,Locked
201671585,363,SMG,★★★★,MPL,100,3263300,-,-,x5,,925,925,31,13,72,78,12,0,0,5,10,0,IOP T4 Exoskeleton,Signal Flare,S.F. Modified Tactical Light,100,,,Locked
201671599,363,SMG,★★★★,MPL,100,3263300,-,-,x5,,925,925,31,13,72,78,12,0,0,5,10,0,IOP T4 Exoskeleton,Signal Flare,S.F. Modified Tactical Light,100,,,Locked
201671648,364,SMG,★★★★,MPK,100,3263300,-,-,x5,,925,925,30,13,75,78,12,0,0,5,10,0,,,,74,,,Locked
201671677,364,SMG,★★★★,MPK,100,3263300,-,-,x5,,925,925,30,13,75,78,12,0,0,5,10,0,,,,50,,,Locked
201671678,364,SMG,★★★★,MPK,100,3263300,-,-,x5,,925,925,30,13,75,78,12,0,0,5,10,0,,,,50,,,Locked
201695771,20115,SMG,★★★★★★,Suomi Mod,114,8871488,388188,1211812,x5,Mod2,1120,1120,31,16,72,94,12,0,0,5,10,10,IOP T4 Exoskeleton,Signal Flare,S.F. Modified Tactical Light,150,Oathed,2023-07-14 19:51,Locked
201999311,367,SG,★★★★★,MK3A1,30,45000,0,0,x3,,429,429,20,5,6,30,6,9,6,40,1,0,,,,55,,,Locked
202041735,364,SMG,★★★★,MPK,98,3097215,121415,20385,x5,,915,915,30,12,74,78,12,0,0,5,10,0,,,,100,,,Locked
202100381,1040,MG,★★★★★,Yugiri,1,0,0,0,x1,,80,80,37,4,4,85,4,0,9,5,1,0,,,,50,,,Locked
202100382,1036,SMG,★★★★★,Lily Hoshikawa,1,0,0,0,x1,,88,88,10,2,11,68,12,0,1,5,1,0,,,,50,,,Locked
202100383,1035,HG,★★★★★,Tae Yamada,1,0,0,0,x1,,47,47,10,6,9,36,15,0,1,20,1,0,,,,50,,,Locked
202100448,366,SG,★★★★★,SPAS-15,100,3263300,-,-,x5,,1320,1320,35,14,10,34,6,23,3,40,10,0,,,,50,,,Locked
202215277,366,SG,★★★★★,SPAS-15,100,3263300,-,-,x5,,1320,1320,35,14,10,34,6,23,3,40,10,0,,,,100,,,Locked
202297725,1039,AR,★★★★★,Junko Konno,11,6000,0,0,x2,,122,122,25,12,11,46,10,0,1,20,1,0,,,,50,,,Locked
202305102,1038,AR,★★★★★,Ai Mizuno,1,0,0,0,x1,,58,58,20,7,5,45,10,0,1,20,1,0,,,,50,,,Locked
202307117,1037,RF,★★★★★,Sakura Minamoto,1,0,0,0,x1,,44,44,44,9,4,23,7,0,1,40,1,0,,,,50,,,Locked
202337069,1041,SG,★★★★★,Saki Nikaido,1,0,0,0,x1,,121,121,16,2,2,19,6,3,5,40,1,0,,,,50,,,Locked
202726838,352,SG,★★★★,Nova,100,3263300,-,-,x5,,1320,1320,31,13,16,29,6,19,7,40,10,0,,,,100,,,Locked
203501609,378,AR,★★★★★,SCAR-L,100,3263300,-,-,x5,,550,550,56,48,52,78,10,0,0,20,10,0,VFL 6-24X56,16Lab High-Velocity Ammo,Focus Chip,150,Oathed,2023-07-08 09:51,Locked
203753634,377,RF,★★★★★,SCAR-H,100,3263300,-,-,x5,,425,425,114,93,29,41,7,0,0,40,10,0,M1022 Sniper Rounds,VFL 6-24X56,Thermoptic Camouflage Cape,100,,,Locked
203843189,346,HG,★★★★,CZ100,1,0,0,0,x1,,37,37,11,7,11,40,15,0,0,20,1,0,,,,50,,,Locked
203908683,325,SG,★★★★,PM5,1,0,0,0,x1,,119,119,13,2,2,20,6,3,5,40,1,0,,,,50,,,Locked
203910515,375,HG,★★★★★,Colt Walker,100,3263300,-,-,x5,,300,300,36,60,112,57,15,0,0,20,10,0,,,,100,,,Locked
203926836,363,SMG,★★★★,MPL,1,0,0,0,x1,,93,93,11,2,9,52,12,0,0,5,10,0,,,,50,,,Locked
204164831,364,SMG,★★★★,MPK,1,0,0,0,x1,,93,93,11,2,9,52,12,0,0,5,10,0,,,,50,,,Locked
204545845,376,SMG,★★★★★,Erma,1,0,0,0,x1,,132,132,10,2,9,59,12,0,0,5,1,0,,,,50,,,Locked
204966526,61,AR,★★★,StG44,1,0,0,0,x1,,64,64,19,6,5,41,10,0,0,20,1,0,,,,55,,,Locked
205025931,20115,SMG,★★★★★★,Suomi Mod,110,5468960,205660,274340,x5,Mod2,1115,1115,31,15,72,94,12,0,0,5,10,10,IOP T4 Exoskeleton,Signal Flare,S.F. Modified Tactical Light,150,Oathed,2023-08-06 16:17,Locked
205495522,377,RF,★★★★★,SCAR-H,100,3263300,-,-,x5,,425,425,114,93,29,41,7,0,0,40,10,0,M1022 Sniper Rounds,VFL 6-24X56,Thermoptic Camouflage Cape,100,,,Locked
205521384,378,AR,★★★★★,SCAR-L,100,3263300,-,-,x5,,550,550,56,48,52,78,10,0,0,20,10,0,VFL 6-24X56,APCR High-Velocity Ammo,Focus Chip,100,,,Locked
205529513,370,HG,★★★★,P290,90,2008110,0,0,x5,,345,345,26,53,78,59,15,0,0,20,10,0,,,,100,,,Locked
205531014,378,AR,★★★★★,SCAR-L,100,3263300,-,-,x5,,550,550,56,48,52,78,10,0,0,20,10,0,VFL 6-24X56,MK318 Mod X,Focus Chip,100,,,Locked
205576020,369,HG,★★★★★,M327,100,3263300,-,-,x5,,350,350,39,67,70,60,15,0,0,20,10,0,,,,100,,,Locked
205577811,372,AR,★★★★★,AR-18,1,0,0,0,x1,,58,58,19,7,6,50,10,0,0,20,1,0,,,,50,,,Locked
205586042,374,MG,★★★★★,M240L,100,3263300,-,-,x5,,875,875,101,34,31,128,4,0,11,5,10,0,,,,100,,,Locked
205620606,374,MG,★★★★★,M240L,100,3263300,-,-,x5,,875,875,101,34,31,128,4,0,11,5,10,0,Mk1000 SLAP,VFL 6-24X56,IOP Maximum Ammo Box,100,,,Locked
205660890,374,MG,★★★★★,M240L,100,3263300,-,-,x5,,875,875,101,34,31,128,4,0,11,5,10,0,,,,100,,,Locked
205660894,373,AR,★★★★,CMR-30,1,0,0,0,x1,,54,54,17,7,6,48,10,0,0,20,1,0,,,,50,,,Locked
205660896,371,RF,★★★★,Saiga 308,1,0,0,0,x1,,44,44,44,10,4,25,7,0,0,40,1,0,,,,50,,,Locked
205662829,377,RF,★★★★★,SCAR-H,100,3263300,-,-,x5,,425,425,114,93,29,41,7,0,0,40,10,0,M948 Mod X,VFL 6-24X56,Thermoptic Camouflage Cape,100,,,Locked
205774565,374,MG,★★★★★,M240L,100,3263300,-,-,x5,,875,875,101,34,31,128,4,0,11,5,10,0,,,,100,,,Locked
205862682,372,AR,★★★★★,AR-18,1,0,0,0,x1,,58,58,19,7,6,50,10,0,0,20,1,0,,,,50,,,Locked
205873654,374,MG,★★★★★,M240L,1,0,0,0,x1,,88,88,34,4,4,83,4,0,11,5,3,0,,,,50,,,Locked
206030541,374,MG,★★★★★,M240L,1,0,0,0,x1,,88,88,34,4,4,83,4,0,11,5,3,0,,,,50,,,Locked
206031355,374,MG,★★★★★,M240L,1,0,0,0,x1,,88,88,34,4,4,83,4,0,11,5,4,0,,,,50,,,Locked
206033470,374,MG,★★★★★,M240L,1,0,0,0,x1,,88,88,34,4,4,83,4,0,11,5,5,0,,,,50,,,Locked
206034285,374,MG,★★★★★,M240L,1,0,0,0,x1,,88,88,34,4,4,83,4,0,11,5,10,0,,,,50,,,Locked
206034967,374,MG,★★★★★,M240L,100,3263300,-,-,x5,,875,875,101,34,31,128,4,0,11,5,10,0,,,,50,,,Locked
206067104,372,AR,★★★★★,AR-18,1,0,0,0,x1,,58,58,19,7,6,50,10,0,0,20,1,0,,,,50,,,Locked
206121740,372,AR,★★★★★,AR-18,1,0,0,0,x1,,58,58,19,7,6,50,10,0,0,20,1,0,,,,50,,,Locked
206164229,20046,RF,★★★★★★,Kar98k Mod,110,5304484,0,0,x5,Mod2,440,440,145,87,42,35,7,0,0,40,10,10,,PM 5-25X56,,123,Oathed,2023-08-15 18:43,Locked
206253173,354,HG,★★★★,ZiP .22,1,0,0,0,x1,,33,33,12,6,12,44,15,0,0,20,1,0,,,,50,,,Locked
206253278,377,RF,★★★★★,SCAR-H,100,3263300,-,-,x5,,425,425,114,93,29,41,7,0,0,40,10,0,,,,100,,,Locked
206545308,372,AR,★★★★★,AR-18,1,0,0,0,x1,,58,58,19,7,6,50,10,0,0,20,1,0,,,,50,,,Locked
206711036,352,SG,★★★★,Nova,100,3263300,-,-,x5,,1320,1320,31,13,16,29,6,19,7,40,10,0,,,,100,,,Locked
206713954,372,AR,★★★★★,AR-18,1,0,0,0,x1,,58,58,19,7,6,50,10,0,0,20,1,0,,,,50,,,Locked
206731457,341,SMG,★★★★★,SP9,1,0,0,0,x1,,110,110,10,2,8,59,12,0,0,5,1,0,,,,50,,,
206983093,293,AR,★★★★★,AK-15,11,6000,0,0,x2,,122,122,23,11,11,53,10,0,0,20,1,0,,,,50,,,Locked
207560061,378,AR,★★★★★,SCAR-L,100,3263300,-,-,x5,,550,550,56,48,52,78,10,0,0,20,10,0,,,,100,,,Locked
207568127,350,SG,★★★★★,FO-12,100,3263300,-,-,x5,,1280,1280,30,13,11,36,6,23,5,40,10,0,,,,50,,,Locked
207571269,368,SG,★★★★,UTS-15,30,45000,0,0,x3,,450,450,22,6,7,21,6,8,5,40,10,0,,,,50,,,Locked
207581452,323,SG,★★★★★,LTLX7000,100,3263300,-,-,x5,,1375,1375,23,14,11,28,6,25,5,40,10,0,,,,100,,,Locked
207705201,95,RF,★★★,Type88,30,45000,0,0,x3,,198,198,60,24,15,24,7,0,0,40,1,0,,,,50,,,Locked
207878301,190,SG,★★★,NS2000,1,0,0,0,x1,,127,127,13,2,2,19,6,3,5,40,1,0,,,,50,,,Locked
207886925,378,AR,★★★★★,SCAR-L,100,3263300,-,-,x5,,550,550,56,48,52,78,10,0,0,20,10,0,,,,100,,,Locked
207981320,366,SG,★★★★★,SPAS-15,100,3263300,-,-,x5,,1320,1320,35,14,10,34,6,23,3,40,10,0,,,,100,,,Locked
208006607,367,SG,★★★★★,MK3A1,1,0,0,0,x1,,110,110,13,2,2,26,6,3,6,40,1,0,,,,50,,,
208109514,35,RF,★★★,M1A1,30,45000,0,0,x3,,165,165,53,30,17,30,7,0,0,40,1,0,,,,50,,,Locked
208113832,345,MG,★★★★★,MG338,1,0,0,0,x1,,87,87,36,3,3,83,4,0,9,5,10,0,,,,50,,,Locked
208170298,345,MG,★★★★★,MG338,1,0,0,0,x1,,87,87,36,3,3,83,4,0,9,5,10,0,,,,50,,,Locked
208506296,377,RF,★★★★★,SCAR-H,100,3263300,-,-,x5,,425,425,114,93,29,41,7,0,0,40,10,0,,,,100,,,Locked
208506348,377,RF,★★★★★,SCAR-H,100,3263300,-,-,x5,,425,425,114,93,29,41,7,0,0,40,10,0,,,,50,,,Locked
208506401,378,AR,★★★★★,SCAR-L,100,3263300,-,-,x5,,550,550,56,48,52,78,10,0,0,20,10,0,,,,100,,,Locked
208662872,353,SG,★★★★,MAG-7,1,0,0,0,x1,,121,121,17,2,2,18,6,3,5,40,1,0,,,,50,,,
208663415,326,SG,★★★★,512,1,0,0,0,x1,,128,128,14,2,2,21,6,3,3,40,1,0,,,,50,,,
208967347,95,RF,★★★,Type88,1,0,0,0,x1,,51,51,39,8,5,21,7,0,0,40,1,0,,,,50,,,
209357867,352,SG,★★★★,Nova,1,0,0,0,x1,,132,132,11,2,2,19,6,3,7,40,1,0,,,,50,,,Locked
209357868,353,SG,★★★★,MAG-7,1,0,0,0,x1,,121,121,17,2,2,18,6,3,5,40,1,0,,,,50,,,
209371298,378,AR,★★★★★,SCAR-L,100,3263300,-,-,x5,,550,550,56,48,52,78,10,0,0,20,10,0,,,,100,,,Locked
